Workbook

Sheet 储能策略与设备库
A1: 工商业储能设备策略库
A3: 控制开关 | F3: 使用说明
A4: 优化偏好模式 | B4: 1 | F4: OpenDSS 文件、注册表、分时电价表保持不变；本表专门用于“设备选型 + 价格输入 + 偏好模式”。
A5: 模式说明 | B5: =CHOOSE(B4+1,"0=经济优先；1=均衡优先；2=安全优先","0=经济优先；1=均衡优先；2=安全优先","0=经济优先；1=均衡优先；2=安全优先") -> 0=经济优先；1=均衡优先；2=安全优先 | F5: 价格字段采用工程估算：按系统拓扑、安全等级、集成度以及事故通风/消防配置进行推导，仅用于前期方案比选。
A6: 经济权重 | B6: =CHOOSE(B4+1,0.75,0.55,0.35) -> 0.55 | F6: 可读性处理：第12行为英文字段名，第13行为中文标注；后续程序读取建议以第12行为表头，并跳过第13行。
A7: 安全权重 | B7: =CHOOSE(B4+1,0.25,0.45,0.65) -> 0.45 | F7: 若拿到正式报价，只需直接覆盖容量侧单价、功率侧单价以及三项年费率字段。
A8: 最低安全分门槛 | B8: =CHOOSE(B4+1,60,70,80) -> 70 | F8: 默认候选=1 的设备优先进入工商业方案搜索池；默认候选=0 的设备用于扩展场景。
A9: 默认EMS控制包 | B9: EMS300CP_标准安全包
A12: enabled | B12: manufacturer | C12: series_name | D12: device_model | E12: device_family | F12: system_topology_type | G12: application_scene | H12: cni_fit_level | I12: is_default_candidate | J12: ems_package_name | K12: has_builtin_ems | L12: requires_external_pcs | M12: supports_black_start | N12: supports_offgrid_microgrid | O12: battery_chemistry | P12: rated_power_kw | Q12: rated_energy_kwh | R12: usable_energy_kwh_at_fat | S12: duration_h | T12: dc_voltage_range_v | U12: ac_grid_voltage_v | V12: battery_config | W12: cooling_type | X12: fire_detection | Y12: fire_suppression | Z12: backup_system | AA12: accident_ventilation | AB12: pack_level_firefighting_optional | AC12: explosion_relief_optional | AD12: msd_required | AE12: communication_protocol | AF12: manual_safety_grade | AG12: manual_safety_notes | AH12: efficiency_pct | AI12: ip_system | AJ12: corrosion_grade | AK12: install_mode | AL12: aux_power_interface | AM12: dimension_w_mm | AN12: dimension_d_mm | AO12: dimension_h_mm | AP12: weight_kg | AQ12: energy_unit_price_yuan_per_kwh | AR12: power_related_capex_yuan_per_kw | AS12: station_integration_capex_ratio | AT12: fire_protection_capex_ratio | AU12: annual_insurance_rate_on_capex | AV12: annual_safety_maintenance_rate_on_capex | AW12: annual_fire_system_inspection_rate_on_capex | AX12: price_status | AY12: quote_source | AZ12: source_files
A13: 启用 | B13: 厂商 | C13: 系列名 | D13: 设备型号 | E13: 设备类别 | F13: 系统拓扑类型 | G13: 适用场景 | H13: 工商业适配等级 | I13: 默认候选 | J13: EMS控制包 | K13: 内置EMS | L13: 需外置PCS | M13: 支持黑启动 | N13: 支持离网/微网 | O13: 电池体系 | P13: 额定功率(kW) | Q13: 额定容量(kWh) | R13: 可用能量@FAT(kWh) | S13: 时长(h) | T13: 直流电压范围(V) | U13: 交流侧电压(V) | V13: 电池配置 | W13: 冷却方式 | X13: 探测方式 | Y13: 灭火方式 | Z13: 备用/水消防 | AA13: 事故通风 | AB13: PACK级消防 | AC13: 泄爆/防爆 | AD13: 需MSD | AE13: 通讯协议 | AF13: 安全等级 | AG13: 安全与运维说明 | AH13: 效率/系统效率 | AI13: 防护等级 | AJ13: 防腐/盐雾等级 | AK13: 安装方式 | AL13: 辅助供电接口 | AM13: 宽(mm) | AN13: 深(mm) | AO13: 高(mm) | AP13: 重量(kg) | AQ13: 容量侧单价(元/kWh) | AR13: 功率侧单价(元/kW) | AS13: 站集成系数 | AT13: 消防附加系数 | AU13: 年保险率 | AV13: 年安全维护率 | AW13: 年消防巡检率 | AX13: 价格状态 | AY13: 价格依据 | AZ13: 依据资料
A14: 1 | B14: 阳光电源 | C14: ST215 | D14: ST215kWh-100kW-2h | E14: 柜式工商业储能 | F14: ac_all_in_one | G14: 工商业用户侧 | H14: high | I14: 1 | J14: EMS300CP_基础包 | K14: 0 | L14: 0 | M14: 0 | N14: 0 | O14: LFP | P14: 125 | Q14: 215 | S14: 2 | T14: 648~876 | U14: 380/400 | V14: 240S1P | W14: 电池液冷+PCS风冷 | X14: 复合型探测器 | Y14: 气溶胶灭火 | Z14: 无独立备用水消防条目 | AA14: 0 | AB14: 0 | AC14: 0 | AD14: 0 | AE14: Modbus TCP | AF14: B | AG14: 基础柜型，消防为复合探测+气溶胶，EMS为选配 | AK14: 柜式一体机/整机安装 | AL14: 外置系统决定 | AQ14: =IFERROR(IF(F14="dc_dc_coupled_unit","",ROUND(VLOOKUP(F14,字段说明与价格推导!$A$31:$F$35,3,0)*VLOOKUP(AF14,字段说明与价格推导!$H$31:$N$34,2,0)*(1+0.03*K14+0.02*AA14+0.01*AB14+0.01*AC14+0.01*M14+0.01*N14),0)),"") -> 760 | AR14: =IFERROR(ROUND(VLOOKUP(F14,字段说明与价格推导!$A$31:$F$35,4,0)*VLOOKUP(AF14,字段说明与价格推导!$H$31:$N$34,3,0)*(1+0.04*K14)*IF(L14=1,0.92,1),0),"") -> 260 | AS14: =IFERROR(ROUND(VLOOKUP(F14,字段说明与价格推导!$A$31:$F$35,5,0)+IF(H14="medium",0.02,IF(H14="low",0.04,0)),3),"") -> 0.08 | AT14: =IFERROR(ROUND(VLOOKUP(F14,字段说明与价格推导!$A$31:$F$35,6,0)+IF(AA14=1,0.008,0)+IF(AB14=1,0.005,0)+IF(AC14=1,0.005,0),3),"") -> 0.025 | AU14: =IFERROR(VLOOKUP(AF14,字段说明与价格推导!$H$31:$N$34,4,0),"") -> 0.005 | AV14: =IFERROR(VLOOKUP(AF14,字段说明与价格推导!$H$31:$N$34,5,0),"") -> 0.01 | AW14: =IFERROR(VLOOKUP(AF14,字段说明与价格推导!$H$31:$N$34,6,0),"") -> 0.0025 | AX14: =IF(AND(AQ14<>"",AR14<>""),"推导估算","需人工复核") -> 推导估算 | AY14: 按系统拓扑+安全等级+集成度推导（待供应商报价复核） | AZ14: ST215kWh-100kW-2h_ST225kWh-110kW-2h 系统手册.pdf
A15: 1 | B15: 阳光电源 | C15: ST225 | D15: ST225kWh-110kW-2h | E15: 柜式工商业储能 | F15: ac_all_in_one | G15: 工商业用户侧 | H15: high | I15: 1 | J15: EMS300CP_基础包 | K15: 0 | L15: 0 | M15: 0 | N15: 0 | O15: LFP | P15: 125 | Q15: 229 | S15: 2 | T15: 691.2~934.4 | U15: 380/400 | V15: 256S1P | W15: 电池液冷+PCS风冷 | X15: 复合型探测器 | Y15: 气溶胶灭火 | Z15: 无独立备用水消防条目 | AA15: 0 | AB15: 0 | AC15: 0 | AD15: 0 | AE15: Modbus TCP | AF15: B | AG15: 与 ST215 同平台，电压与容量更高，EMS为选配 | AK15: 柜式一体机/整机安装 | AL15: 外置系统决定 | AQ15: =IFERROR(IF(F15="dc_dc_coupled_unit","",ROUND(VLOOKUP(F15,字段说明与价格推导!$A$31:$F$35,3,0)*VLOOKUP(AF15,字段说明与价格推导!$H$31:$N$34,2,0)*(1+0.03*K15+0.02*AA15+0.01*AB15+0.01*AC15+0.01*M15+0.01*N15),0)),"") -> 760 | AR15: =IFERROR(ROUND(VLOOKUP(F15,字段说明与价格推导!$A$31:$F$35,4,0)*VLOOKUP(AF15,字段说明与价格推导!$H$31:$N$34,3,0)*(1+0.04*K15)*IF(L15=1,0.92,1),0),"") -> 260 | AS15: =IFERROR(ROUND(VLOOKUP(F15,字段说明与价格推导!$A$31:$F$35,5,0)+IF(H15="medium",0.02,IF(H15="low",0.04,0)),3),"") -> 0.08 | AT15: =IFERROR(ROUND(VLOOKUP(F15,字段说明与价格推导!$A$31:$F$35,6,0)+IF(AA15=1,0.008,0)+IF(AB15=1,0.005,0)+IF(AC15=1,0.005,0),3),"") -> 0.025 | AU15: =IFERROR(VLOOKUP(AF15,字段说明与价格推导!$H$31:$N$34,4,0),"") -> 0.005 | AV15: =IFERROR(VLOOKUP(AF15,字段说明与价格推导!$H$31:$N$34,5,0),"") -> 0.01 | AW15: =IFERROR(VLOOKUP(AF15,字段说明与价格推导!$H$31:$N$34,6,0),"") -> 0.0025 | AX15: =IF(AND(AQ15<>"",AR15<>""),"推导估算","需人工复核") -> 推导估算 | AY15: 按系统拓扑+安全等级+集成度推导（待供应商报价复核） | AZ15: ST215kWh-100kW-2h_ST225kWh-110kW-2h 系统手册.pdf
A16: 1 | B16: 阳光电源 | C16: ST255CS | D16: ST255CS-2H | E16: 柜式工商业储能 | F16: ac_all_in_one | G16: 工商业用户侧 | H16: high | I16: 1 | J16: EMS300CP_标准安全包 | K16: 0 | L16: 0 | M16: 1 | N16: 1 | O16: LFP | P16: 125 | Q16: 257 | S16: 2 | T16: 691.2~934.4 | U16: 380 | V16: 256S1P | W16: 智能液冷 | X16: 复合型探测器 | Y16: 气溶胶 | Z16: 未见独立事故通风/备用系统说明 | AA16: 0 | AB16: 0 | AC16: 0 | AD16: 0 | AE16: Modbus TCP | AF16: B+ | AG16: 复合探测+气溶胶，维护要求较严，适合标准安全方案 | AK16: 柜式一体机/整机安装 | AL16: 外置系统决定 | AQ16: =IFERROR(IF(F16="dc_dc_coupled_unit","",ROUND(VLOOKUP(F16,字段说明与价格推导!$A$31:$F$35,3,0)*VLOOKUP(AF16,字段说明与价格推导!$H$31:$N$34,2,0)*(1+0.03*K16+0.02*AA16+0.01*AB16+0.01*AC16+0.01*M16+0.01*N16),0)),"") -> 806 | AR16: =IFERROR(ROUND(VLOOKUP(F16,字段说明与价格推导!$A$31:$F$35,4,0)*VLOOKUP(AF16,字段说明与价格推导!$H$31:$N$34,3,0)*(1+0.04*K16)*IF(L16=1,0.92,1),0),"") -> 268 | AS16: =IFERROR(ROUND(VLOOKUP(F16,字段说明与价格推导!$A$31:$F$35,5,0)+IF(H16="medium",0.02,IF(H16="low",0.04,0)),3),"") -> 0.08 | AT16: =IFERROR(ROUND(VLOOKUP(F16,字段说明与价格推导!$A$31:$F$35,6,0)+IF(AA16=1,0.008,0)+IF(AB16=1,0.005,0)+IF(AC16=1,0.005,0),3),"") -> 0.025 | AU16: =IFERROR(VLOOKUP(AF16,字段说明与价格推导!$H$31:$N$34,4,0),"") -> 0.006 | AV16: =IFERROR(VLOOKUP(AF16,字段说明与价格推导!$H$31:$N$34,5,0),"") -> 0.011 | AW16: =IFERROR(VLOOKUP(AF16,字段说明与价格推导!$H$31:$N$34,6,0),"") -> 0.003 | AX16: =IF(AND(AQ16<>"",AR16<>""),"推导估算","需人工复核") -> 推导估算 | AY16: 按系统拓扑+安全等级+集成度推导（待供应商报价复核） | AZ16: ST255CS-2H 用户手册.pdf
A17: 1 | B17: 阳光电源 | C17: ST510CS | D17: ST510CS-2H-CN | E17: 柜式工商业储能 | F17: ac_all_in_one | G17: 工商业用户侧 | H17: high | I17: 1 | J17: EMS300CP_标准安全包 | K17: 0 | L17: 0 | M17: 1 | N17: 1 | O17: LFP | P17: 250 | Q17: 514 | S17: 2 | T17: 691.2~934.4 | U17: 380 | V17: 2簇平台 | W17: 电池液冷 | X17: 复合型探测器 | Y17: 气溶胶+备用系统（选配） | Z17: 水消防预留/备用系统 | AA17: 0 | AB17: 0 | AC17: 0 | AD17: 0 | AE17: Modbus TCP | AF17: A- | AG17: 中功率柜，支持备用系统，维护环境要求更严格 | AK17: 柜式一体机/整机安装 | AL17: 外置系统决定 | AQ17: =IFERROR(IF(F17="dc_dc_coupled_unit","",ROUND(VLOOKUP(F17,字段说明与价格推导!$A$31:$F$35,3,0)*VLOOKUP(AF17,字段说明与价格推导!$H$31:$N$34,2,0)*(1+0.03*K17+0.02*AA17+0.01*AB17+0.01*AC17+0.01*M17+0.01*N17),0)),"") -> 837 | AR17: =IFERROR(ROUND(VLOOKUP(F17,字段说明与价格推导!$A$31:$F$35,4,0)*VLOOKUP(AF17,字段说明与价格推导!$H$31:$N$34,3,0)*(1+0.04*K17)*IF(L17=1,0.92,1),0),"") -> 276 | AS17: =IFERROR(ROUND(VLOOKUP(F17,字段说明与价格推导!$A$31:$F$35,5,0)+IF(H17="medium",0.02,IF(H17="low",0.04,0)),3),"") -> 0.08 | AT17: =IFERROR(ROUND(VLOOKUP(F17,字段说明与价格推导!$A$31:$F$35,6,0)+IF(AA17=1,0.008,0)+IF(AB17=1,0.005,0)+IF(AC17=1,0.005,0),3),"") -> 0.025 | AU17: =IFERROR(VLOOKUP(AF17,字段说明与价格推导!$H$31:$N$34,4,0),"") -> 0.007 | AV17: =IFERROR(VLOOKUP(AF17,字段说明与价格推导!$H$31:$N$34,5,0),"") -> 0.013 | AW17: =IFERROR(VLOOKUP(AF17,字段说明与价格推导!$H$31:$N$34,6,0),"") -> 0.0035 | AX17: =IF(AND(AQ17<>"",AR17<>""),"推导估算","需人工复核") -> 推导估算 | AY17: 按系统拓扑+安全等级+集成度推导（待供应商报价复核） | AZ17: ST510CS-2H-CN 用户手册.pdf
A18: 1 | B18: 阳光电源 | C18: ST510CS | D18: ST510CS-4H-CN | E18: 柜式工商业储能 | F18: ac_all_in_one | G18: 工商业用户侧 | H18: high | I18: 1 | J18: EMS300CP_标准安全包 | K18: 0 | L18: 0 | M18: 1 | N18: 1 | O18: LFP | P18: 125 | Q18: 514 | S18: 4 | T18: 691.2~934.4 | U18: 380 | V18: 2簇平台 | W18: 电池液冷 | X18: 复合型探测器 | Y18: 气溶胶+备用系统（选配） | Z18: 水消防预留/备用系统 | AA18: 0 | AB18: 0 | AC18: 0 | AD18: 0 | AE18: Modbus TCP | AF18: A- | AG18: 4h 长时型，气溶胶 185±10℃，可接备用水消防 | AK18: 柜式一体机/整机安装 | AL18: 外置系统决定 | AQ18: =IFERROR(IF(F18="dc_dc_coupled_unit","",ROUND(VLOOKUP(F18,字段说明与价格推导!$A$31:$F$35,3,0)*VLOOKUP(AF18,字段说明与价格推导!$H$31:$N$34,2,0)*(1+0.03*K18+0.02*AA18+0.01*AB18+0.01*AC18+0.01*M18+0.01*N18),0)),"") -> 837 | AR18: =IFERROR(ROUND(VLOOKUP(F18,字段说明与价格推导!$A$31:$F$35,4,0)*VLOOKUP(AF18,字段说明与价格推导!$H$31:$N$34,3,0)*(1+0.04*K18)*IF(L18=1,0.92,1),0),"") -> 276 | AS18: =IFERROR(ROUND(VLOOKUP(F18,字段说明与价格推导!$A$31:$F$35,5,0)+IF(H18="medium",0.02,IF(H18="low",0.04,0)),3),"") -> 0.08 | AT18: =IFERROR(ROUND(VLOOKUP(F18,字段说明与价格推导!$A$31:$F$35,6,0)+IF(AA18=1,0.008,0)+IF(AB18=1,0.005,0)+IF(AC18=1,0.005,0),3),"") -> 0.025 | AU18: =IFERROR(VLOOKUP(AF18,字段说明与价格推导!$H$31:$N$34,4,0),"") -> 0.007 | AV18: =IFERROR(VLOOKUP(AF18,字段说明与价格推导!$H$31:$N$34,5,0),"") -> 0.013 | AW18: =IFERROR(VLOOKUP(AF18,字段说明与价格推导!$H$31:$N$34,6,0),"") -> 0.0035 | AX18: =IF(AND(AQ18<>"",AR18<>""),"推导估算","需人工复核") -> 推导估算 | AY18: 按系统拓扑+安全等级+集成度推导（待供应商报价复核） | AZ18: ST510CS-4H-CN 用户手册.pdf
A19: 1 | B19: 阳光电源 | C19: ST835CS | D19: ST835CS-2H | E19: 高压高安全柜式储能 | F19: ac_all_in_one | G19: 大型工商业/园区 | H19: medium | I19: 0 | J19: EMS300CP_高安全网安包 | K19: 0 | L19: 0 | M19: 1 | N19: 1 | O19: LFP | P19: 420 | Q19: 836 | S19: 2 | T19: 1123.2~1497.6 | U19: 690 | V19: 416S1P*2 | W19: 全液冷智能控温 | X19: 复合型探测器+CO+烟雾 | Y19: 事故通风+舱级气溶胶+水消防 | Z19: 备用系统（水消防） | AA19: 1 | AB19: 1 | AC19: 1 | AD19: 1 | AE19: Modbus TCP; IEC60870-5-104 | AF19: A | AG19: 高压平台，事故通风、防爆排风、可选PACK级消防/泄爆，需MSD管理 | AK19: 高压柜式/大型工商业 | AL19: 外置系统决定 | AQ19: =IFERROR(IF(F19="dc_dc_coupled_unit","",ROUND(VLOOKUP(F19,字段说明与价格推导!$A$31:$F$35,3,0)*VLOOKUP(AF19,字段说明与价格推导!$H$31:$N$34,2,0)*(1+0.03*K19+0.02*AA19+0.01*AB19+0.01*AC19+0.01*M19+0.01*N19),0)),"") -> 902 | AR19: =IFERROR(ROUND(VLOOKUP(F19,字段说明与价格推导!$A$31:$F$35,4,0)*VLOOKUP(AF19,字段说明与价格推导!$H$31:$N$34,3,0)*(1+0.04*K19)*IF(L19=1,0.92,1),0),"") -> 286 | AS19: =IFERROR(ROUND(VLOOKUP(F19,字段说明与价格推导!$A$31:$F$35,5,0)+IF(H19="medium",0.02,IF(H19="low",0.04,0)),3),"") -> 0.1 | AT19: =IFERROR(ROUND(VLOOKUP(F19,字段说明与价格推导!$A$31:$F$35,6,0)+IF(AA19=1,0.008,0)+IF(AB19=1,0.005,0)+IF(AC19=1,0.005,0),3),"") -> 0.043 | AU19: =IFERROR(VLOOKUP(AF19,字段说明与价格推导!$H$31:$N$34,4,0),"") -> 0.008 | AV19: =IFERROR(VLOOKUP(AF19,字段说明与价格推导!$H$31:$N$34,5,0),"") -> 0.015 | AW19: =IFERROR(VLOOKUP(AF19,字段说明与价格推导!$H$31:$N$34,6,0),"") -> 0.004 | AX19: =IF(AND(AQ19<>"",AR19<>""),"推导估算","需人工复核") -> 推导估算 | AY19: 按系统拓扑+安全等级+集成度推导（待供应商报价复核） | AZ19: ST835CS-2H_ST835CS-4H 用户手册.pdf
A20: 1 | B20: 阳光电源 | C20: ST835CS | D20: ST835CS-4H | E20: 高压高安全柜式储能 | F20: ac_all_in_one | G20: 大型工商业/园区 | H20: medium | I20: 0 | J20: EMS300CP_高安全网安包 | K20: 0 | L20: 0 | M20: 1 | N20: 1 | O20: LFP | P20: 210 | Q20: 836 | S20: 4 | T20: 1123.2~1497.6 | U20: 690 | V20: 416S1P*2 | W20: 全液冷智能控温 | X20: 复合型探测器+CO+烟雾 | Y20: 事故通风+舱级气溶胶+水消防 | Z20: 备用系统（水消防） | AA20: 1 | AB20: 1 | AC20: 1 | AD20: 1 | AE20: Modbus TCP; IEC60870-5-104 | AF20: A | AG20: 高压平台，事故通风、防爆排风、可选PACK级消防/泄爆，需MSD管理 | AK20: 高压柜式/大型工商业 | AL20: 外置系统决定 | AQ20: =IFERROR(IF(F20="dc_dc_coupled_unit","",ROUND(VLOOKUP(F20,字段说明与价格推导!$A$31:$F$35,3,0)*VLOOKUP(AF20,字段说明与价格推导!$H$31:$N$34,2,0)*(1+0.03*K20+0.02*AA20+0.01*AB20+0.01*AC20+0.01*M20+0.01*N20),0)),"") -> 902 | AR20: =IFERROR(ROUND(VLOOKUP(F20,字段说明与价格推导!$A$31:$F$35,4,0)*VLOOKUP(AF20,字段说明与价格推导!$H$31:$N$34,3,0)*(1+0.04*K20)*IF(L20=1,0.92,1),0),"") -> 286 | AS20: =IFERROR(ROUND(VLOOKUP(F20,字段说明与价格推导!$A$31:$F$35,5,0)+IF(H20="medium",0.02,IF(H20="low",0.04,0)),3),"") -> 0.1 | AT20: =IFERROR(ROUND(VLOOKUP(F20,字段说明与价格推导!$A$31:$F$35,6,0)+IF(AA20=1,0.008,0)+IF(AB20=1,0.005,0)+IF(AC20=1,0.005,0),3),"") -> 0.043 | AU20: =IFERROR(VLOOKUP(AF20,字段说明与价格推导!$H$31:$N$34,4,0),"") -> 0.008 | AV20: =IFERROR(VLOOKUP(AF20,字段说明与价格推导!$H$31:$N$34,5,0),"") -> 0.015 | AW20: =IFERROR(VLOOKUP(AF20,字段说明与价格推导!$H$31:$N$34,6,0),"") -> 0.004 | AX20: =IF(AND(AQ20<>"",AR20<>""),"推导估算","需人工复核") -> 推导估算 | AY20: 按系统拓扑+安全等级+集成度推导（待供应商报价复核） | AZ20: ST835CS-2H_ST835CS-4H 用户手册.pdf
A21: 1 | B21: 比亚迪储能 | C21: Chess Plus | D21: IC07-B233AP125-A-R2 | E21: 工商业交流侧一体机 | F21: ac_all_in_one | G21: 工商业用户侧 | H21: high | I21: 1 | J21: BYD_内置EMS标准包 | K21: 1 | L21: 0 | M21: 1 | N21: 1 | O21: LFP | P21: 125 | Q21: 233 | R21: 233 | S21: 1.864 | T21: 604.2~832.2 | U21: 380 | V21: 1P228S | W21: 电池舱液冷 | X21: 系统级监测（手册未细化探测器） | Y21: PACK级消防+气溶胶 | Z21: 黑启动/离网微网 | AA21: 0 | AB21: 1 | AC21: 0 | AD21: 否 | AE21: Modbus TCP/IP | AF21: A- | AG21: BYD Chess Plus；All-in-one，一体化五合一；支持黑启动与离网/微网；液冷温差≤2.5℃；PACK级消防+气溶胶；PACK IP65/整机IP55。 | AH21: RTE≥90% | AI21: IP55 | AJ21: C4 | AK21: All-in-one整机运输/模块化安装 | AL21: AC380V / 50Hz 三相四线 | AM21: 1258 | AN21: 1680 | AO21: 2240 | AP21: 3500 | AQ21: =IFERROR(IF(F21="dc_dc_coupled_unit","",ROUND(VLOOKUP(F21,字段说明与价格推导!$A$31:$F$35,3,0)*VLOOKUP(AF21,字段说明与价格推导!$H$31:$N$34,2,0)*(1+0.03*K21+0.02*AA21+0.01*AB21+0.01*AC21+0.01*M21+0.01*N21),0)),"") -> 870 | AR21: =IFERROR(ROUND(VLOOKUP(F21,字段说明与价格推导!$A$31:$F$35,4,0)*VLOOKUP(AF21,字段说明与价格推导!$H$31:$N$34,3,0)*(1+0.04*K21)*IF(L21=1,0.92,1),0),"") -> 287 | AS21: =IFERROR(ROUND(VLOOKUP(F21,字段说明与价格推导!$A$31:$F$35,5,0)+IF(H21="medium",0.02,IF(H21="low",0.04,0)),3),"") -> 0.08 | AT21: =IFERROR(ROUND(VLOOKUP(F21,字段说明与价格推导!$A$31:$F$35,6,0)+IF(AA21=1,0.008,0)+IF(AB21=1,0.005,0)+IF(AC21=1,0.005,0),3),"") -> 0.03 | AU21: =IFERROR(VLOOKUP(AF21,字段说明与价格推导!$H$31:$N$34,4,0),"") -> 0.007 | AV21: =IFERROR(VLOOKUP(AF21,字段说明与价格推导!$H$31:$N$34,5,0),"") -> 0.013 | AW21: =IFERROR(VLOOKUP(AF21,字段说明与价格推导!$H$31:$N$34,6,0),"") -> 0.0035 | AX21: =IF(AND(AQ21<>"",AR21<>""),"推导估算","需人工复核") -> 推导估算 | AY21: 按系统拓扑+安全等级+集成度推导（待供应商报价复核） | AZ21: Chess Plus.pdf
A22: 1 | B22: 比亚迪储能 | C22: 直流侧X+1 | D22: X+1_4+1 | E22: 直流侧高能量密度储能系统 | F22: dc_side_battery_cabinet | G22: 大型工商业/高压直流侧 | H22: medium | I22: 0 | J22: 外置EMS_待定包 | K22: 0 | L22: 1 | M22: 0 | N22: 0 | O22: LFP | P22: 1002 | Q22: 2004 | R22: 2004 | S22: 2 | T22: 1081.6~1497.6 | U22: AC380V±5%/50Hz | V22: 4×1P416S | W22: 液冷 | X22: 簇级分舱/系统级消防 | Y22: 全氟己酮气消防；水喷淋选配 | Z22: 外置系统集成决定 | AA22: 0 | AB22: 0 | AC22: 0 | AD22: 未明确 | AE22: Modbus TCP / IEC61850 | AF22: A | AG22: BYD 直流侧X+1 4+1；簇级分舱、单簇独立温控、液冷温差<4℃；全氟己酮，水喷淋选配；高压直流侧方案。 | AH22: 93 | AI22: IP55 | AJ22: C4 | AK22: 肩并肩/背靠背 | AL22: AC380V±5% / 50Hz 三相四线 | AM22: 7490 | AN22: 1279 | AO22: 2790 | AP22: 19120 | AQ22: =IFERROR(IF(F22="dc_dc_coupled_unit","",ROUND(VLOOKUP(F22,字段说明与价格推导!$A$31:$F$35,3,0)*VLOOKUP(AF22,字段说明与价格推导!$H$31:$N$34,2,0)*(1+0.03*K22+0.02*AA22+0.01*AB22+0.01*AC22+0.01*M22+0.01*N22),0)),"") -> 694 | AR22: =IFERROR(ROUND(VLOOKUP(F22,字段说明与价格推导!$A$31:$F$35,4,0)*VLOOKUP(AF22,字段说明与价格推导!$H$31:$N$34,3,0)*(1+0.04*K22)*IF(L22=1,0.92,1),0),"") -> 121 | AS22: =IFERROR(ROUND(VLOOKUP(F22,字段说明与价格推导!$A$31:$F$35,5,0)+IF(H22="medium",0.02,IF(H22="low",0.04,0)),3),"") -> 0.14 | AT22: =IFERROR(ROUND(VLOOKUP(F22,字段说明与价格推导!$A$31:$F$35,6,0)+IF(AA22=1,0.008,0)+IF(AB22=1,0.005,0)+IF(AC22=1,0.005,0),3),"") -> 0.03 | AU22: =IFERROR(VLOOKUP(AF22,字段说明与价格推导!$H$31:$N$34,4,0),"") -> 0.008 | AV22: =IFERROR(VLOOKUP(AF22,字段说明与价格推导!$H$31:$N$34,5,0),"") -> 0.015 | AW22: =IFERROR(VLOOKUP(AF22,字段说明与价格推导!$H$31:$N$34,6,0),"") -> 0.004 | AX22: =IF(AND(AQ22<>"",AR22<>""),"推导估算","需人工复核") -> 推导估算 | AY22: 按系统拓扑+安全等级+集成度推导（待供应商报价复核） | AZ22: X+1.pdf
A23: 1 | B23: 比亚迪储能 | C23: 直流侧X+1 | D23: X+1_5+1 | E23: 直流侧高能量密度储能系统 | F23: dc_side_battery_cabinet | G23: 大型工商业/高压直流侧 | H23: medium | I23: 0 | J23: 外置EMS_待定包 | K23: 0 | L23: 1 | M23: 0 | N23: 0 | O23: LFP | P23: 1252.5 | Q23: 2505 | R23: 2505 | S23: 2 | T23: 1081.6~1497.6 | U23: AC380V±5%/50Hz | V23: 5×1P416S | W23: 液冷 | X23: 簇级分舱/系统级消防 | Y23: 全氟己酮气消防；水喷淋选配 | Z23: 外置系统集成决定 | AA23: 0 | AB23: 0 | AC23: 0 | AD23: 未明确 | AE23: Modbus TCP / IEC61850 | AF23: A | AG23: BYD 直流侧X+1 5+1；簇级分舱、液冷、高压直流侧；适合更高容量场景。 | AH23: 93 | AI23: IP55 | AJ23: C4 | AK23: 肩并肩/背靠背 | AL23: AC380V±5% / 50Hz 三相四线 | AM23: 7490 | AN23: 1279 | AO23: 2790 | AP23: 23150 | AQ23: =IFERROR(IF(F23="dc_dc_coupled_unit","",ROUND(VLOOKUP(F23,字段说明与价格推导!$A$31:$F$35,3,0)*VLOOKUP(AF23,字段说明与价格推导!$H$31:$N$34,2,0)*(1+0.03*K23+0.02*AA23+0.01*AB23+0.01*AC23+0.01*M23+0.01*N23),0)),"") -> 694 | AR23: =IFERROR(ROUND(VLOOKUP(F23,字段说明与价格推导!$A$31:$F$35,4,0)*VLOOKUP(AF23,字段说明与价格推导!$H$31:$N$34,3,0)*(1+0.04*K23)*IF(L23=1,0.92,1),0),"") -> 121 | AS23: =IFERROR(ROUND(VLOOKUP(F23,字段说明与价格推导!$A$31:$F$35,5,0)+IF(H23="medium",0.02,IF(H23="low",0.04,0)),3),"") -> 0.14 | AT23: =IFERROR(ROUND(VLOOKUP(F23,字段说明与价格推导!$A$31:$F$35,6,0)+IF(AA23=1,0.008,0)+IF(AB23=1,0.005,0)+IF(AC23=1,0.005,0),3),"") -> 0.03 | AU23: =IFERROR(VLOOKUP(AF23,字段说明与价格推导!$H$31:$N$34,4,0),"") -> 0.008 | AV23: =IFERROR(VLOOKUP(AF23,字段说明与价格推导!$H$31:$N$34,5,0),"") -> 0.015 | AW23: =IFERROR(VLOOKUP(AF23,字段说明与价格推导!$H$31:$N$34,6,0),"") -> 0.004 | AX23: =IF(AND(AQ23<>"",AR23<>""),"推导估算","需人工复核") -> 推导估算 | AY23: 按系统拓扑+安全等级+集成度推导（待供应商报价复核） | AZ23: X+1.pdf
A24: 1 | B24: 比亚迪储能 | C24: 直流侧X+1 | D24: X+1_6+1 | E24: 直流侧高能量密度储能系统 | F24: dc_side_battery_cabinet | G24: 大型工商业/高压直流侧 | H24: medium | I24: 0 | J24: 外置EMS_待定包 | K24: 0 | L24: 1 | M24: 0 | N24: 0 | O24: LFP | P24: 1503 | Q24: 3006 | R24: 3006 | S24: 2 | T24: 1081.6~1497.6 | U24: AC380V±5%/50Hz | V24: 6×1P416S | W24: 液冷 | X24: 簇级分舱/系统级消防 | Y24: 全氟己酮气消防；水喷淋选配 | Z24: 外置系统集成决定 | AA24: 0 | AB24: 0 | AC24: 0 | AD24: 未明确 | AE24: Modbus TCP / IEC61850 | AF24: A | AG24: BYD 直流侧X+1 6+1；大容量高压直流侧方案，适合园区级/大型工商业。 | AH24: 93 | AI24: IP55 | AJ24: C4 | AK24: 肩并肩/背靠背 | AL24: AC380V±5% / 50Hz 三相四线 | AM24: 8628 | AN24: 1279 | AO24: 2790 | AP24: 27180 | AQ24: =IFERROR(IF(F24="dc_dc_coupled_unit","",ROUND(VLOOKUP(F24,字段说明与价格推导!$A$31:$F$35,3,0)*VLOOKUP(AF24,字段说明与价格推导!$H$31:$N$34,2,0)*(1+0.03*K24+0.02*AA24+0.01*AB24+0.01*AC24+0.01*M24+0.01*N24),0)),"") -> 694 | AR24: =IFERROR(ROUND(VLOOKUP(F24,字段说明与价格推导!$A$31:$F$35,4,0)*VLOOKUP(AF24,字段说明与价格推导!$H$31:$N$34,3,0)*(1+0.04*K24)*IF(L24=1,0.92,1),0),"") -> 121 | AS24: =IFERROR(ROUND(VLOOKUP(F24,字段说明与价格推导!$A$31:$F$35,5,0)+IF(H24="medium",0.02,IF(H24="low",0.04,0)),3),"") -> 0.14 | AT24: =IFERROR(ROUND(VLOOKUP(F24,字段说明与价格推导!$A$31:$F$35,6,0)+IF(AA24=1,0.008,0)+IF(AB24=1,0.005,0)+IF(AC24=1,0.005,0),3),"") -> 0.03 | AU24: =IFERROR(VLOOKUP(AF24,字段说明与价格推导!$H$31:$N$34,4,0),"") -> 0.008 | AV24: =IFERROR(VLOOKUP(AF24,字段说明与价格推导!$H$31:$N$34,5,0),"") -> 0.015 | AW24: =IFERROR(VLOOKUP(AF24,字段说明与价格推导!$H$31:$N$34,6,0),"") -> 0.004 | AX24: =IF(AND(AQ24<>"",AR24<>""),"推导估算","需人工复核") -> 推导估算 | AY24: 按系统拓扑+安全等级+集成度推导（待供应商报价复核） | AZ24: X+1.pdf
A25: 1 | B25: 宁德时代 | C25: EnerOne+ | D25: EnerOne+ | E25: 户外液冷电池柜 | F25: outdoor_liquid_cooled_cabinet | G25: 小型储能/工商业 | H25: high | I25: 1 | J25: 外置EMS_待定包 | K25: 0 | L25: 1 | M25: 0 | N25: 0 | O25: LFP | Q25: 372 | R25: 372 | T25: 600~1500（系统兼容范围） | V25: 1P52S*8 / 280Ah | W25: 一体化变频液冷 | X25: 独立消防系统 | Y25: 独立消防系统 | Z25: 外部系统决定 | AA25: 0 | AB25: 0 | AC25: 0 | AD25: 未明确 | AE25: 外部系统集成 | AF25: A | AG25: CATL EnerOne+；户外液冷电池柜；IP56；C5防腐；独立消防；液冷温差<3℃；适合小型储能/工商业。 | AI25: IP56 | AJ25: C5 | AK25: 户外柜式/带板运输 | AL25: 外置系统决定 | AM25: 1300 | AN25: 1300 | AO25: 2280 | AP25: 3500 | AQ25: =IFERROR(IF(F25="dc_dc_coupled_unit","",ROUND(VLOOKUP(F25,字段说明与价格推导!$A$31:$F$35,3,0)*VLOOKUP(AF25,字段说明与价格推导!$H$31:$N$34,2,0)*(1+0.03*K25+0.02*AA25+0.01*AB25+0.01*AC25+0.01*M25+0.01*N25),0)),"") -> 739 | AR25: =IFERROR(ROUND(VLOOKUP(F25,字段说明与价格推导!$A$31:$F$35,4,0)*VLOOKUP(AF25,字段说明与价格推导!$H$31:$N$34,3,0)*(1+0.04*K25)*IF(L25=1,0.92,1),0),"") -> 142 | AS25: =IFERROR(ROUND(VLOOKUP(F25,字段说明与价格推导!$A$31:$F$35,5,0)+IF(H25="medium",0.02,IF(H25="low",0.04,0)),3),"") -> 0.1 | AT25: =IFERROR(ROUND(VLOOKUP(F25,字段说明与价格推导!$A$31:$F$35,6,0)+IF(AA25=1,0.008,0)+IF(AB25=1,0.005,0)+IF(AC25=1,0.005,0),3),"") -> 0.028 | AU25: =IFERROR(VLOOKUP(AF25,字段说明与价格推导!$H$31:$N$34,4,0),"") -> 0.008 | AV25: =IFERROR(VLOOKUP(AF25,字段说明与价格推导!$H$31:$N$34,5,0),"") -> 0.015 | AW25: =IFERROR(VLOOKUP(AF25,字段说明与价格推导!$H$31:$N$34,6,0),"") -> 0.004 | AX25: =IF(AND(AQ25<>"",AR25<>""),"推导估算","需人工复核") -> 推导估算 | AY25: 按系统拓扑+安全等级+集成度推导（待供应商报价复核） | AZ25: 20241108140739_npmy1re7ne.pdf
A26: 1 | B26: 宁德时代 | C26: C&I All-in-one | D26: CATL_工商业一体机_233kWh | E26: 工商业交流侧一体机 | F26: ac_all_in_one | G26: 工商业用户侧 | H26: high | I26: 1 | J26: CATL_OS云内置EMS包 | K26: 1 | L26: 0 | M26: 0 | N26: 0 | O26: LFP | Q26: 233 | R26: 233 | T26: 832（标称电压） | V26: 1P52S*5 / 280Ah | W26: 先进液冷机组 | X26: 四级管理架构 | Y26: 手册未明确独立类型（多级保护） | Z26: 外部系统决定 | AA26: 0 | AB26: 0 | AC26: 0 | AD26: 未明确 | AE26: 内置EMS + OS云平台 | AF26: A- | AG26: CATL 工商业一体机；233kWh；液冷；四级管理架构；内置EMS与OS云平台；更适合作为标准用户侧方案。 | AI26: IP55 | AJ26: C5 | AK26: 一体模块化/整体运输 | AL26: 内置系统 | AM26: 1400 | AN26: 1350 | AO26: 2100 | AP26: 2700 | AQ26: =IFERROR(IF(F26="dc_dc_coupled_unit","",ROUND(VLOOKUP(F26,字段说明与价格推导!$A$31:$F$35,3,0)*VLOOKUP(AF26,字段说明与价格推导!$H$31:$N$34,2,0)*(1+0.03*K26+0.02*AA26+0.01*AB26+0.01*AC26+0.01*M26+0.01*N26),0)),"") -> 845 | AR26: =IFERROR(ROUND(VLOOKUP(F26,字段说明与价格推导!$A$31:$F$35,4,0)*VLOOKUP(AF26,字段说明与价格推导!$H$31:$N$34,3,0)*(1+0.04*K26)*IF(L26=1,0.92,1),0),"") -> 287 | AS26: =IFERROR(ROUND(VLOOKUP(F26,字段说明与价格推导!$A$31:$F$35,5,0)+IF(H26="medium",0.02,IF(H26="low",0.04,0)),3),"") -> 0.08 | AT26: =IFERROR(ROUND(VLOOKUP(F26,字段说明与价格推导!$A$31:$F$35,6,0)+IF(AA26=1,0.008,0)+IF(AB26=1,0.005,0)+IF(AC26=1,0.005,0),3),"") -> 0.025 | AU26: =IFERROR(VLOOKUP(AF26,字段说明与价格推导!$H$31:$N$34,4,0),"") -> 0.007 | AV26: =IFERROR(VLOOKUP(AF26,字段说明与价格推导!$H$31:$N$34,5,0),"") -> 0.013 | AW26: =IFERROR(VLOOKUP(AF26,字段说明与价格推导!$H$31:$N$34,6,0),"") -> 0.0035 | AX26: =IF(AND(AQ26<>"",AR26<>""),"推导估算","需人工复核") -> 推导估算 | AY26: 按系统拓扑+安全等级+集成度推导（待供应商报价复核） | AZ26: 20241108140739_npmy1re7ne.pdf
A27: 1 | B27: 宁德时代 | C27: EnerD | D27: EnerD | E27: 集装箱式液冷电池柜 | F27: containerized_large_scale | G27: 电源侧/电网侧/大型工商业 | H27: low | I27: 0 | J27: 外置EMS_待定包 | K27: 0 | L27: 1 | M27: 0 | N27: 0 | O27: LFP | Q27: 5015 | R27: 5015 | T27: 1331.2（标称） | V27: 1P52S*96 / 314Ah | W27: 一体化变频液冷 | X27: PACK级消防+防爆设计 | Y27: PACK级消防+防爆设计 | Z27: 外部系统决定 | AA27: 0 | AB27: 1 | AC27: 1 | AD27: 未明确 | AE27: 外部系统集成 | AF27: A | AG27: CATL EnerD；5.015MWh 集装箱式液冷电池柜；PACK级消防、防爆、液冷温差<3℃；适合电源侧/电网侧/大型工商业。 | AI27: IP54 | AK27: 集装箱式 | AL27: 外置系统决定 | AM27: 6250 | AN27: 2550 | AO27: 3000 | AP27: 39000 | AQ27: =IFERROR(IF(F27="dc_dc_coupled_unit","",ROUND(VLOOKUP(F27,字段说明与价格推导!$A$31:$F$35,3,0)*VLOOKUP(AF27,字段说明与价格推导!$H$31:$N$34,2,0)*(1+0.03*K27+0.02*AA27+0.01*AB27+0.01*AC27+0.01*M27+0.01*N27),0)),"") -> 651 | AR27: =IFERROR(ROUND(VLOOKUP(F27,字段说明与价格推导!$A$31:$F$35,4,0)*VLOOKUP(AF27,字段说明与价格推导!$H$31:$N$34,3,0)*(1+0.04*K27)*IF(L27=1,0.92,1),0),"") -> 111 | AS27: =IFERROR(ROUND(VLOOKUP(F27,字段说明与价格推导!$A$31:$F$35,5,0)+IF(H27="medium",0.02,IF(H27="low",0.04,0)),3),"") -> 0.19 | AT27: =IFERROR(ROUND(VLOOKUP(F27,字段说明与价格推导!$A$31:$F$35,6,0)+IF(AA27=1,0.008,0)+IF(AB27=1,0.005,0)+IF(AC27=1,0.005,0),3),"") -> 0.045 | AU27: =IFERROR(VLOOKUP(AF27,字段说明与价格推导!$H$31:$N$34,4,0),"") -> 0.008 | AV27: =IFERROR(VLOOKUP(AF27,字段说明与价格推导!$H$31:$N$34,5,0),"") -> 0.015 | AW27: =IFERROR(VLOOKUP(AF27,字段说明与价格推导!$H$31:$N$34,6,0),"") -> 0.004 | AX27: =IF(AND(AQ27<>"",AR27<>""),"推导估算","需人工复核") -> 推导估算 | AY27: 按系统拓扑+安全等级+集成度推导（待供应商报价复核） | AZ27: 20241108140739_npmy1re7ne.pdf
A28: 0 | B28: 宁德时代 | C28: EnerP | D28: EnerP | E28: 直流耦合DCDC单元 | F28: dc_dc_coupled_unit | G28: 工商业/源侧直流耦合 | H28: low | I28: 0 | J28: 外置EMS_待定包 | K28: 0 | L28: 0 | M28: 0 | N28: 0 | P28: 100 | T28: 电池300~1200 / 母线1000~1500 | V28: DCDC单元 | W28: 智能风机调速/模块化 | X28: 多级保护 | Y28: 不适用（非独立电池系统方案） | Z28: 外部系统决定 | AA28: 0 | AB28: 0 | AC28: 0 | AD28: 不适用 | AE28: 外部系统集成 | AF28: A- | AG28: CATL EnerP 为直流耦合DCDC单元，非完整独立储能方案；保留在库中供系统级扩展使用，不进入默认候选池。 | AH28: 99 | AI28: IP66 | AK28: 机柜式/DCDC单元 | AL28: 外置系统决定 | AQ28: =IFERROR(IF(F28="dc_dc_coupled_unit","",ROUND(VLOOKUP(F28,字段说明与价格推导!$A$31:$F$35,3,0)*VLOOKUP(AF28,字段说明与价格推导!$H$31:$N$34,2,0)*(1+0.03*K28+0.02*AA28+0.01*AB28+0.01*AC28+0.01*M28+0.01*N28),0)),"") | AR28: =IFERROR(ROUND(VLOOKUP(F28,字段说明与价格推导!$A$31:$F$35,4,0)*VLOOKUP(AF28,字段说明与价格推导!$H$31:$N$34,3,0)*(1+0.04*K28)*IF(L28=1,0.92,1),0),"") -> 901 | AS28: =IFERROR(ROUND(VLOOKUP(F28,字段说明与价格推导!$A$31:$F$35,5,0)+IF(H28="medium",0.02,IF(H28="low",0.04,0)),3),"") -> 0.09 | AT28: =IFERROR(ROUND(VLOOKUP(F28,字段说明与价格推导!$A$31:$F$35,6,0)+IF(AA28=1,0.008,0)+IF(AB28=1,0.005,0)+IF(AC28=1,0.005,0),3),"") -> 0.01 | AU28: =IFERROR(VLOOKUP(AF28,字段说明与价格推导!$H$31:$N$34,4,0),"") -> 0.007 | AV28: =IFERROR(VLOOKUP(AF28,字段说明与价格推导!$H$31:$N$34,5,0),"") -> 0.013 | AW28: =IFERROR(VLOOKUP(AF28,字段说明与价格推导!$H$31:$N$34,6,0),"") -> 0.0035 | AX28: =IF(AND(AQ28<>"",AR28<>""),"推导估算","需人工复核") -> 需人工复核 | AY28: 按系统拓扑+安全等级+集成度推导（待供应商报价复核） | AZ28: 20241108140739_npmy1re7ne.pdf

Sheet EMS控制包库
A1: EMS控制包库
A3: ems_package_name | B3: ems_model | C3: cyber_security_mode | D3: certificate_management | E3: public_key_import | F3: remote_maintenance | G3: anti_backfeed | H3: overload_protection | I3: backup_power | J3: soc_protection | K3: dispatch_permission_mode | L3: vpp_dispatch | M3: capex_addon_yuan | N3: annual_maintenance_yuan | O3: notes | P3: source_files
A4: 控制包名称 | B4: EMS型号 | C4: 网安模式 | D4: 证书管理 | E4: 公钥导入 | F4: 远程维护 | G4: 防逆流 | H4: 过载保护 | I4: 备电 | J4: SOC保护 | K4: 调度权限模式 | L4: VPP调度 | M4: 附加投资(元) | N4: 年维护费(元) | O4: 说明 | P4: 依据资料
A5: EMS300CP_基础包 | B5: EMS300CP | C5: 0 | D5: 0 | E5: 0 | F5: 0 | G5: 0 | H5: 0 | I5: 0 | J5: 0 | K5: 默认 | L5: 0 | M5: 0 | N5: 0 | O5: 仅保留基础监控/联接能力；价格待补 | P5: EMS300CP 用户手册.pdf
A6: EMS300CP_标准安全包 | B6: EMS300CP | C6: 1 | D6: 1 | E6: 1 | F6: 1 | G6: 1 | H6: 1 | I6: 1 | J6: 1 | K6: 协议优先级模式 | L6: 1 | M6: 20000 | N6: 3000 | O6: 建议用于工商业标准方案：网安、防逆流、过载保护、备电、SOC保护 | P6: EMS300CP 用户手册.pdf
A7: EMS300CP_高安全网安包 | B7: EMS300CP | C7: 1 | D7: 1 | E7: 1 | F7: 1 | G7: 1 | H7: 1 | I7: 1 | J7: 1 | K7: 独占模式 | L7: 1 | M7: 50000 | N7: 6000 | O7: 用于高安全方案：启用网安模式、证书管理、公钥导入、远程维护、独占调度 | P7: EMS300CP 用户手册.pdf
A8: 外置EMS_待定包 | B8: External EMS TBD | C8: 0 | D8: 0 | E8: 0 | F8: 0 | G8: 0 | H8: 0 | I8: 0 | J8: 0 | K8: 默认 | L8: 0 | M8: 80000 | N8: 8000 | O8: 用于直流侧电池柜/户外液冷电池柜等需外部系统集成的方案；价格待补。 | P8: 设备手册未提供EMS报价
A9: BYD_内置EMS标准包 | B9: BYD Integrated EMS | C9: 0 | D9: 0 | E9: 0 | F9: 1 | G9: 0 | H9: 0 | I9: 0 | J9: 0 | K9: 默认 | L9: 0 | M9: 0 | N9: 2000 | O9: Chess Plus内置EMS与远程AI云平台监控预警。 | P9: Chess Plus.pdf
A10: CATL_OS云内置EMS包 | B10: CATL OS Cloud EMS | C10: 0 | D10: 0 | E10: 0 | F10: 1 | G10: 0 | H10: 0 | I10: 0 | J10: 0 | K10: 默认 | L10: 0 | M10: 10000 | N10: 3000 | O10: CATL工商业一体机内置EMS，搭配OS云平台。 | P10: 20241108140739_npmy1re7ne.pdf

Sheet 字段说明与价格推导
A1: 字段说明与价格推导
A3: 说明
A4: 1）设备参数、安全和安装信息优先依据用户提供的阳光电源、比亚迪、宁德时代资料整理。
A5: 2）价格未见官方报价时，按“系统拓扑 × 安全等级 × 集成度”进行工程估算，仅用于前期选型比较，最终应以供应商报价复核。
A6: 3）主表第12行为程序字段名，第13行为中文标注；后续代码读取时应以第12行为表头并跳过第13行。
A8: 英文字段名 | B8: 中文标注 | C8: 含义说明 | D8: 建议代码是否读取
A9: enabled | B9: 是否启用 | C9: 1=启用；0=停用 | D9: 是
A10: manufacturer | B10: 厂商 | C10: 设备品牌/厂家 | D10: 是
A11: series_name | B11: 系列名 | C11: 产品系列名称 | D11: 是
A12: device_model | B12: 设备型号 | C12: 具体可落地型号 | D12: 是
A13: device_family | B13: 设备类别 | C13: 交流侧一体机/直流侧系统/大柜等 | D13: 是
A14: system_topology_type | B14: 系统拓扑类型 | C14: 机器可读分类标签 | D14: 是
A15: ems_package_name | B15: EMS控制包 | C15: 与EMS控制包库关联 | D15: 是
A16: rated_power_kw | B16: 额定功率(kW) | C16: 单套设备标称功率 | D16: 是
A17: rated_energy_kwh | B17: 额定容量(kWh) | C17: 单套设备标称容量 | D17: 是
A18: manual_safety_grade | B18: 人工安全等级 | C18: A/A-/B+/B | D18: 是
A19: energy_unit_price_yuan_per_kwh | B19: 容量侧单价(元/kWh) | C19: 按拓扑和安全等级推导的容量侧估算 | D19: 是
... A24: quote_source | B24: 价格依据 | C24: 推导逻辑或报价来源说明 | D24: 建议
A30: system_topology_type | B30: 中文说明 | C30: base_energy_unit_price | D30: base_power_capex | E30: station_ratio | F30: fire_ratio | H30: manual_safety_grade | I30: energy_mult | J30: power_mult | K30: insurance_rate | L30: safety_maint_rate | M30: fire_inspection_rate | N30: 中文说明
A31: ac_all_in_one | B31: 交流侧一体机 | C31: 760 | D31: 260 | E31: 0.08 | F31: 0.025 | H31: A | I31: 1.12 | J31: 1.1 | K31: 0.008 | L31: 0.015 | M31: 0.004 | N31: 高安全平台/事故通风/高压或多重消防
A32: dc_side_battery_cabinet | B32: 直流侧电池柜/电池舱 | C32: 620 | D32: 120 | E32: 0.12 | F32: 0.03 | H32: A- | I32: 1.08 | J32: 1.06 | K32: 0.007 | L32: 0.013 | M32: 0.0035 | N32: 标准高安全一体机
A33: outdoor_liquid_cooled_cabinet | B33: 户外液冷电池柜 | C33: 660 | D33: 140 | E33: 0.1 | F33: 0.028 | H33: B+ | I33: 1.04 | J33: 1.03 | K33: 0.006 | L33: 0.011 | M33: 0.003 | N33: 标准安全柜型
A34: containerized_large_scale | B34: 大型箱式/集装箱系统 | C34: 570 | D34: 110 | E34: 0.15 | F34: 0.035 | H34: B | I34: 1 | J34: 1 | K34: 0.005 | L34: 0.01 | M34: 0.0025 | N34: 基础安全方案
A35: dc_dc_coupled_unit | B35: 直流耦合功率单元 | C35: 0 | D35: 850 | E35: 0.05 | F35: 0.01

Sheet 手册依据
A1: 手册依据与建表说明
A3: 文件 | B3: 可直接入表的关键信息 | C3: 已写入位置 | D3: 价格字段 | E3: 备注
A4: ST215kWh-100kW-2h_ST225kWh-110kW-2h 系统手册.pdf | B4: 型号、额定容量、直流范围、交流电压、液冷/风冷、消防配置、通信协议 | C4: 储能策略与设备库 | D4: 手册未提供 | E4: EMS为选配
A5: ST255CS-2H 用户手册.pdf | B5: 型号、257kWh、691.2~934.4V、380V、智能液冷、复合探测器+气溶胶 | C5: 储能策略与设备库 | D5: 手册未提供 | E5: 标准安全柜
A6: ST510CS-2H-CN 用户手册.pdf | B6: EMS300CP 选配、电表要求、维护环境限制、备用系统 | C6: 储能策略与设备库 / EMS控制包库 | D6: 手册未提供 | E6: 适合标准安全方案
A7: ST510CS-4H-CN 用户手册.pdf | B7: 探测系统、气溶胶185±10℃、备用系统水消防接口要求 | C7: 储能策略与设备库 | D7: 手册未提供 | E7: 4h 长时型
A8: ST835CS-2H_ST835CS-4H 用户手册.pdf | B8: 836kWh、1123.2~1497.6V、690V、全液冷、事故通风、舱级气溶胶、水消防、可选PACK级消防、MSD | C8: 储能策略与设备库 | D8: 手册未提供 | E8: 高压高安全平台
A9: EMS300CP 用户手册.pdf | B9: 网安模式、证书管理、公钥导入、远程维护、防逆流、过载保护、备电、SOC保护、调度权限管理 | C9: EMS控制包库 / 控制开关 | D9: 手册未提供 | E9: 控制层安全配置
A10: Chess Plus.pdf | B10: 型号、233kWh/125kW、729.6V、380V、液冷、PACK级消防+气溶胶、黑启动、微网、IP65/IP55、Modbus TCP/IP | C10: 储能策略与设备库 / EMS控制包库 | D10: 已按系统拓扑与安全等级推导 | E10: 适合作为标准工商业交流侧一体机
A11: X+1.pdf | B11: 4+1/5+1/6+1 三种高压直流侧方案；2004/2505/3006kWh；簇级分舱；全氟己酮；水喷淋选配；Modbus TCP / IEC61850 | C11: 储能策略与设备库 | D11: 已按系统拓扑与安全等级推导 | E11: 适合作为高容量直流侧候选方案
A12: 20241108140739_npmy1re7ne.pdf | B12: EnerOne+、工商业一体机、EnerD、EnerP等产品谱系；液冷、独立消防、PACK级消防、防爆、OS云平台等信息 | C12: 储能策略与设备库 / EMS控制包库 | D12: 已按系统拓扑与安全等级推导 | E12: 工商业一体机与大型系统级设备并存
A14: 价格说明 | B14: 本版已补充容量侧单价、功率侧单价以及消防/站集成/年费率等推导值，用于前期方案比选；正式投标/立项前应以供应商报价替换。
